Nomcultivo,Superficie_sembrada,Superficie_cosechada,Superficie_siniestrada,Volumen_produccion,Valor_produccion,Rendimiento_global,Tasa_siniestro
Aceituna,5600.4,5464.5,127.9,27879.719999999998,350723173.7,5.101970903101838,2.283765445325334
Acelga,697.8199999999999,674.87,22.95,9019.63,45341532.14,13.364988812660215,3.288813734200797
Achiote,1042.5,936.5,0.0,920.3,25764473.380000003,0.982701548318206,0.0
Agapando,147.01,147.01,0.0,88418.85,21384833.05,601.4478606897491,0.0
Agave,307130.88,40974.81,0.0,3005951.16,15798574535.47,73.36095420576692,0.0
Aguacate,268311.95,255660.41,30.0,2792481.05,59589662978.88,10.922618210617747,0.011181015232456102
Ajo,7709.52,7683.96,25.56,101162.27,2553100342.16,13.165382172733851,0.3315381502350341
Ajonjolí,50212.31,50125.75,86.56,38226.66,822842886.37,0.7626152227148721,0.17238800604871596
Albahaca,238.6,238.6,0.0,2114.08,30777337.71,8.86035205364627,0.0
Albricia,15.7,15.7,0.0,208.75,509452.0,13.296178343949045,0.0
Alcachofa,52.0,52.0,0.0,826.51,12937227.0,15.894423076923077,0.0
Alcatraz,10.0,10.0,0.0,3113.0,1245200.0,311.3,0.0
Alfalfa,400843.13,400840.13,0.0,35723754.75,25161128780.11,89.12220128758067,0.0
Algarrobo,76.0,0.0,76.0,0.0,0.0,,100.0
Algodón hueso,75147.58,66329.38,8818.2,297073.59,3798044558.96,4.478763256945866,11.73450961428166
Alhelí,574.4,574.4,0.0,290777.1,36542239.2,506.22754178272976,0.0
Alpiste grano,0.25,0.25,0.0,1.63,19175.0,6.52,0.0
Alstroemeria ,75.0,75.0,0.0,527776.5,74852429.9,7037.02,0.0
Amaranto,4094.71,4054.71,40.0,7061.5199999999995,88855676.24,1.7415598156218322,0.9768701568609255
Anturios ,1.0,1.0,0.0,1530.25,3925091.25,1530.25,0.0
Anís,368.0,368.0,0.0,633.5,23337525.96,1.721467391304348,0.0
Apio,980.4,980.4,0.0,33198.99,293216955.43,33.86269889840881,0.0
Aretillo ,3.48,3.48,0.0,461128.26,8525949.98,132508.1206896552,0.0
Arrayán,67.0,67.0,0.0,155.44,2346124.2600000002,2.32,0.0
Arroz palay,40250.82,39995.82,255.0,257480.69,1463895219.98,6.437689988603809,0.6335274660242947
Arvejón,1175.71,1173.71,2.0,1601.37,16027265.75,1.3643659847832939,0.17010997609954837
Arándano,6112.7,5973.7,2.0,86284.27,4884261849.99,14.444024641344562,0.032718765848152205
Aster ,120.5,120.5,0.0,5698414.67,644401566.4000001,47289.748298755185,0.0
Ave del paraíso,177.3,177.3,0.0,66106.16,24789961.549999997,372.84918217710094,0.0
Avena forrajera en verde,549898.23,546064.99,3833.2400000000002,9287752.38,7732612374.54,17.00851098328058,0.6970817127380098
Avena grano,44795.04,42824.04,1971.0,100770.34,643897321.63,2.353125487459847,4.400040718793866
Baby back choi,278.0,278.0,0.0,3131.4,40524169.31,11.264028776978417,0.0
Bambú,344.0,299.0,0.0,3253.0,8103561.64,10.879598662207357,0.0
Bangaña,6.0,6.0,0.0,44.0,357808.0,7.333333333333333,0.0
Begonia,7.27,7.27,0.0,1309270.31,25859156.2,180092.20220082533,0.0
Belén ,6.67,6.67,0.0,1109479.95,15032615.82,166338.82308845577,0.0
Berenjena,1109.35,1106.35,3.0,47956.97,515880915.88,43.347014959099745,0.27042862937756346
Betabel,868.05,866.05,2.0,17372.77,102449352.92999999,20.059777149125342,0.23040147456943727
Boi choi,240.0,240.0,0.0,2034.92,10623937.1,8.478833333333334,0.0
Brócoli,32845.04,32510.57,334.46999999999997,571818.19,4349748133.19,17.588685464450485,1.0183272725501322
Cacahuate,41747.65,41729.7,17.95,86555.69,1347737825.08,2.0741987121882017,0.042996432134503375
Cacao,52453.79,52332.6,0.0,29293.329999999998,1090705071.17,0.559753002908321,0.0
Café cereza,700953.22,664463.74,0.0,1069464.31,8727880424.4,1.6095149300396738,0.0
Caimito,2.0,2.0,0.0,15.0,63000.0,7.5,0.0
Calabacita,29557.91,22238.5,7319.41,433960.57,2918564018.64,19.51393169503339,24.76294839520115
Calabaza,4301.43,4301.43,0.0,94743.07,879133776.65,22.02594718500592,0.0
Calabaza semilla o chihua,50848.71,49990.71,858.0,31723.149999999998,1034042672.47,0.6345809051321736,1.6873584403616138
Calancoe ,7.6,7.6,0.0,1117579.75,18565507.5,147049.96710526317,0.0
Camote,2806.27,2783.47,22.8,47907.03,315323085.18,17.2112614829691,0.8124663699501473
Canola,58.1,55.1,3.0,94.38,637588.5,1.7128856624319417,5.163511187607573
Capulín,37.2,32.9,0.0,87.7,762857.26,2.6656534954407296,0.0
Carambolo,49.6,49.6,0.0,452.83000000000004,3489413.2,9.129637096774195,0.0
Caña de azúcar,855518.88,796843.88,0.0,54327783.56,56055540405.08,68.1787046667159,0.0
Caña de azúcar otro uso,13921.58,13657.5,0.0,361496.79,389340445.48,26.468738056013176,0.0
Cebada forrajera en verde,7729.65,7622.95,106.7,145555.51,93134546.3,19.09438078434202,1.380398853764401
Cebada grano,298045.39,292759.39,5286.0,899127.7,5282541933.98,3.071217288709339,1.7735553634968149
Cebolla,46328.63,46113.45,215.18,1354665.37,9680971526.36,29.37679505653991,0.46446441433731156
Centeno grano,40.0,40.0,0.0,108.0,351000.0,2.7,0.0
Cereza,40.5,32.0,3.0,100.94,8511286.84,3.154375,7.4074074074074066
Chabacano,204.91,143.21,50.0,688.99,5006730.74,4.811046714614901,24.400956517495487
Chayote,2871.23,2868.43,0.0,203571.92,1069677807.82,70.9698057822572,0.0
Chilacayote,92.75,92.75,0.0,1573.49,8588257.9,16.964851752021563,0.0
Chile verde,144247.09,143843.5,403.59000000000003,2979425.58,38221257650.92,20.712966383604403,0.2797907396260126
Chirimoya,53.0,53.0,0.0,507.45000000000005,6117120.09,9.574528301886794,0.0
Chives,4.0,4.0,0.0,20.12,193633.0,5.03,0.0
Chía,3679.0,3679.0,0.0,2718.02,101659453.39,0.738793150312585,0.0
Chícharo,6248.66,6202.21,46.45,32031.77,277815545.69,5.164573595540944,0.7433593762502682
Cilantro,7243.27,7210.5,32.77,100136.24,622036457.17,13.887558421746066,0.45241997053816857
Cineraria ,10.79,10.79,0.0,1822053.68,34251414.15,168865.03058387397,0.0
Ciruela,10955.66,10772.61,0.0,60056.25,423379257.61,5.574902460963499,0.0
Clavel,559.25,558.25,1.0,4078906.3,910290007.94,7306.594357366771,0.17881090746535538
Clyptoria,8.5,8.5,0.0,85.0,72250.0,10.0,0.0
Coco fruta,13930.75,13001.75,0.0,180321.24,749557148.27,13.868997634933757,0.0
Col (repollo),5542.75,5533.61,9.14,174179.9,771212539.6,31.476721344655658,0.16490009471832576
Col de bruselas,2359.61,2359.61,0.0,46215.61,638886703.53,19.586122282919636,0.0
Coliflor,3855.41,3828.85,26.560000000000002,87465.19,581703760.13,22.843723311176987,0.6889020882344551
Comino,5.0,5.0,0.0,6.4,259124.0,1.28,0.0
Copra,127210.19,124518.99,0.0,247854.47,2159778852.45,1.9904953453284515,0.0
Coquia,20.0,20.0,0.0,971.2,2612528.0,48.56,0.0
Crisantemo,2753.79,2753.79,0.0,12162146.200000001,2568051200.3,4416.511861834055,0.0
Cyclamen ,12.93,12.93,0.0,1684396.0,52345932.0,130270.37896365042,0.0
Cártamo,32086.14,28937.14,3149.0,66524.1,519324572.14,2.298917584806239,9.814206383192245
Cártamo forrajero en verde,900.0,900.0,0.0,11619.44,13970713.0,12.910488888888889,0.0
Cítricos,0.0,0.0,0.0,0.0,0.0,,
Dalia ,4.5,4.5,0.0,231409.0,4047135.0,51424.22222222222,0.0
Durazno,33810.57,32719.04,7.0,260448.76,3116159944.64,7.960158977769519,0.020703584707385887
Dátil,3580.0299999999997,2390.13,1.4,14301.66,873425425.24,5.983632689435303,0.03910581754901495
Dólar ,59.5,59.5,0.0,287335.0,5747358.58,4829.1596638655465,0.0
Ebo (janamargo o veza),4590.62,4590.62,0.0,50982.65,41791639.78,11.105831020646448,0.0
Ebo (janamargo o veza) grano,173.0,173.0,0.0,648.4,516221.99,3.7479768786127168,0.0
Ejote,10315.7,9775.3,540.4,101769.88,989706098.91,10.410921403946682,5.238616865554445
Elote,72068.52,71781.62,286.9,1047150.68,4546464156.82,14.588005676104832,0.39809337003174194
Eneldo,0.3,0.3,0.0,0.48,9096.0,1.6,0.0
Epazote,174.05,169.25,4.8,2010.25,8985838.22,11.877400295420975,2.7578282102844005
Especias y medicinales,76.0,76.0,0.0,296.7,2105249.38,3.9039473684210524,0.0
Espinaca,2435.0,2348.36,86.64,29612.29,194880018.96,12.60977448091434,3.558110882956879
Espárrago,33759.65,33185.65,11.0,298433.52999999997,13490601114.56,8.992848716237289,0.0325832761891785
Estropajo,309.3,309.3,0.0,268.26,7965561.8100000005,0.8673132880698351,0.0
Eucalipto,35.5,35.5,0.0,71.18,3203100.0,2.0050704225352116,0.0
Flor cera,101.5,101.5,0.0,14390.25,21234500.0,141.77586206896552,0.0
Flor perrito,94.0,94.0,0.0,664.04,1803358.55,7.064255319148936,0.0
Flores,3.0,3.0,0.0,27.0,675000.0,9.0,0.0
Frambuesa,9487.64,9447.039999999999,6.0,166124.32,8544045948.33,17.58480116523271,0.06324017353103617
Fresa,15261.33,15100.83,82.4,61583271.96,15803364770.36,4078.138218892604,0.5399267298459571
Frijol,1545936.0,1526523.09,19412.91,1368093.25,23549239511.26,0.8962152351065976,1.2557382711832832
Frijol forrajero,708.0,708.0,0.0,3540.0,15930000.0,5.0,0.0
Frijol x pelón,362.4,362.4,0.0,1022.92,7733126.83,2.822626931567329,0.0
Frutales varios,0.0,0.0,0.0,0.0,0.0,,
Gai lan (kay laan),601.0,601.0,0.0,8037.92,102091337.28,13.37424292845258,0.0
Garbanzo forrajero,7848.5,7848.5,0.0,52354.94,136538156.16,6.670693763139454,0.0
Garbanzo grano,119144.01,119131.01,13.0,235435.51,3997605379.71,1.9762739357284054,0.010911165403951067
Garbanzo porquero,669.0,669.0,0.0,1135.74,2418156.92,1.6976681614349776,0.0
Geranio,37.5,37.5,0.0,6206110.0,101076780.9,165496.26666666666,0.0
Gerbera ,111.0,111.0,0.0,1350983.2200000002,467649535.65,12171.020000000002,0.0
Girasol,4865.51,3465.51,1400.0,3573.34,36222052.01,1.031115189394923,28.773962030701817
Girasol flor ,441.89,441.89,0.0,201500.15000000002,73894257.25,455.99617551879436,0.0
Girasol forrajero,50.0,50.0,0.0,150.0,825000.0,3.0,0.0
Gladiola,4321.73,4319.13,2.6,5175594.15,1676631972.74,1198.2955247931875,0.0601610928956691
Granada,1484.25,1276.25,0.0,10417.84,168750836.38,8.162852105778649,0.0
Guaje,675.25,663.25,0.0,9066.01,38013378.449999996,13.66906897851489,0.0
Guamúchil,3.0,3.0,0.0,10.23,167357.38,3.41,0.0
Guanábana,3247.95,3121.45,0.0,24533.1,230864816.54999998,7.859520415191658,0.0
Guayaba,21123.35,20890.68,0.0,310148.88,2412277986.94,14.846279776436191,0.0
Haba grano,15830.96,15632.31,198.65,27391.55,315821279.0,1.752239432303991,1.2548196698115592
Haba verde,8334.68,8208.32,126.36,51568.74,318774790.3,6.2824962964406845,1.5160750022796317
Helecho,77.5,77.5,0.0,321654.45,10746420.08,4150.38,0.0
Henequén,13277.68,11467.43,0.0,10394.24,152438687.54,0.9064140788302174,0.0
Hierbabuena,38.0,36.0,0.0,596.39,3617040.48,16.566388888888888,0.0
Higo,2147.23,1848.12,16.73,13474.91,412623046.78000003,7.29114451442547,0.7791433614470736
Hoja de plátano (belillo),2476.4,2476.4,0.0,52605.49,102971044.3,21.242727346147632,0.0
"Hongos, setas y champiñones",61.44,61.44,0.0,12046.23,371503591.06,196.06494140625,0.0
Hortalizas,180.43,180.43,0.0,1792.26,8502801.35,9.933270520423433,0.0
Hortensia ,3.66,3.66,0.0,1286890.14,50240191.07,351609.3278688524,0.0
Huauzontle,605.44,605.04,0.4,6972.87,34171369.43,11.524642998809997,0.0660676532769556
Hule hevea,29715.65,28131.65,0.0,90681.75,978152854.4300001,3.223477826576116,0.0
Inmortal ,9.0,9.0,0.0,12780.0,608711.4,1420.0,0.0
Jaca (jackfruit),1782.35,1674.35,0.0,30190.55,267655406.39000002,18.031206139696003,0.0
Jamaica,16110.130000000001,16096.130000000001,14.0,7639.719999999999,349819108.23,0.4746308584734342,0.08690184374676058
Jatropha,294.0,294.0,0.0,888.5500000000001,3885295.38,3.022278911564626,0.0
Jengibre,223.0,223.0,0.0,2281.82,47016435.08,10.232376681614351,0.0
Jícama,5387.5,5305.9,81.6,154206.84,735619540.51,29.063276729678282,1.5146171693735497
Kale,83.0,83.0,0.0,1306.55,12370262.120000001,15.741566265060241,0.0
Kohlrabi,98.0,98.0,0.0,1672.13,11675830.19,17.062551020408165,0.0
Lechuga,22320.66,22070.8,249.86,510062.21,2886488701.5299997,23.110272849194413,1.119411343571382
Lenteja,7481.0,7481.0,0.0,8686.17,83430505.34,1.1610974468653923,0.0
Lilium (azucena),255.43,255.43,0.0,1824021.71,385271139.36,7140.984653329679,0.0
Lima,966.07,934.07,0.0,7831.59,59531219.44,8.38437162097059,0.0
Limonium ,10.07,10.07,0.0,31414.67,18237786.67,3119.6295928500494,0.0
Limón,231798.65,217159.76,2.0,3292813.63,24396840786.4,15.163092968973624,0.0008628177946679156
Limón real,774.0,590.0,0.0,12008.9,97543585.0,20.35406779661017,0.0
Litchi,3825.6,3783.85,0.0,29594.94,740074773.78,7.821382982940656,0.0
Macadamia,1237.5,1228.0,0.0,2321.67,47216493.27,1.8906107491856678,0.0
Maguey,356.0,230.0,0.0,3570.0,22425240.6,15.521739130434783,0.0
Maguey forrajero,1218.5,1218.5,0.0,14607.52,8664210.0,11.988116536725483,0.0
Maguey mixiotero,10.0,0.0,0.0,0.0,0.0,,0.0
Maguey pulquero,9323.8,4959.3,0.0,194100.93,1127008584.26,39.13877563365797,0.0
Malanga,495.0,495.0,0.0,39691.05,429139175.9,80.1839393939394,0.0
Mamey,1803.17,1723.77,0.0,29475.97,169402320.76999998,17.099711678472186,0.0
Mandarina,22943.59,22540.42,0.0,303111.94,1553586973.45,13.447484119639299,0.0
Mango,239435.2,211935.39,2.2,2354954.14,14690041371.47,11.11166068111607,0.0009188289775271138
Mangostán,65.0,30.0,0.0,54.3,3766090.0,1.8099999999999998,0.0
Mano de león,49.5,49.5,0.0,93877.37,9304299.78,1896.5125252525252,0.0
Manzana,57617.18,55092.659999999996,1.5,810850.74,9026464063.82,14.717945003926113,0.0026033901693904493
Manzanilla,1113.25,1113.25,0.0,3052.28,29420724.619999997,2.7417740848865937,0.0
Maracuyá,566.5,566.5,0.0,6421.08,61918447.26,11.334651368049427,0.0
Marañón,817.5,816.5,0.0,633.49,5655644.44,0.7758603796693203,0.0
Margarita,42.2,42.2,0.0,491730.54999999993,15627583.079999998,11652.382701421799,0.0
Maíz forrajero en verde,549949.68,548192.68,1757.0,16336647.63,15692630225.95,29.800922606263182,0.31948377531558886
Maíz grano,6759367.86,6662685.49,96682.37,24417383.88,126549516978.44,3.6647961121154466,1.430346328273366
Mejorana,38.7,38.7,0.0,108.55000000000001,1234039.13,2.804909560723514,0.0
Melón,19075.21,19067.11,8.1,601438.1,3889222096.7400002,31.543222858629335,0.042463490572318734
Melón amargo,33.5,33.5,0.0,863.03,11456205.74,25.762089552238805,0.0
Membrillo,342.5,336.5,0.0,1611.73,20261882.23,4.789687964338782,0.0
Menta,2.6,2.6,0.0,10.18,291458.8,3.9153846153846152,0.0
Moringa,59.0,59.0,0.0,257.28,1583801.0,4.360677966101695,0.0
Nabo,113.7,113.7,0.0,1898.57,6023949.87,16.69806508355321,0.0
Nabo forrajero,321.8,321.8,0.0,4052.38,4085187.28,12.592852703542572,0.0
Nanche,2056.57,1964.8,0.0,10180.27,86547550.09,5.181326343648209,0.0
Napa,205.7,205.7,0.0,6527.16,33373427.01,31.731453573164803,0.0
Naranja,355493.01,343904.66,36.0,4930377.649999999,29072781765.22,14.336466536975683,0.010126781395786095
Nardo,282.27,282.27,0.0,289434.27,84901014.21,1025.3809118928687,0.0
Nochebuena ,422.05,422.05,0.0,28880344.81,1123009522.94,68428.72837341546,0.0
Noni,26.8,26.8,0.0,135.01,892613.69,5.037686567164179,0.0
Nopal forrajero,11407.7,11380.7,0.0,98466.41,65166115.17,8.652052158478828,0.0
Nopalitos,12648.75,12427.7,0.0,789689.87,3560491902.21,63.5427206965086,0.0
Nube,765.88,765.88,0.0,377576.42,43151850.2,492.9968402360683,0.0
Nuez,167885.29,130131.75,7.0,176347.92,13630056633.61,1.3551490700770565,0.004169513600625761
Níspero,1.0,1.0,0.0,3.44,9695.4,3.44,0.0
Okra (angú o gombo),4000.77,4000.77,0.0,37865.869999999995,308796601.76000005,9.46464555573052,0.0
Orquídea ,46.5,46.5,0.0,251854.0,65034659.26,5416.215053763441,0.0
Orégano,50.03,48.86,0.0,79.81,2882828.69,1.6334424887433483,0.0
Palma africana o de aceite,111642.74,102592.24,0.0,1419909.43,3701720687.69,13.840319989114185,0.0
Palma camedor ,1412.5,1378.5,0.0,1426373.5699999998,54013579.220000006,1034.7287413855638,0.0
Palma de ornato,146.0,5.0,7.0,1150.0,201250.0,230.0,4.794520547945205
Palma taco,80.0,65.0,0.0,183.95,1777129.91,2.8299999999999996,0.0
Papa,69045.22,68990.22,55.0,2236254.4,19064176507.14,32.41407840125745,0.07965794011518829
Papaya,21167.59,20730.59,0.0,1151032.73,8311710445.51,55.52339465495193,0.0
Pasto tapete,786.5,784.5,0.0,7491822.45,254549580.12,9549.805544933079,0.0
Pastos y praderas,2550251.91,2531402.67,167.0,55929501.160000004,37134639743.27,22.094272800936885,0.006548372705659496
Pensamiento ,7.029999999999999,7.029999999999999,0.0,1249425.78,14433757.8,177727.70697012806,0.0
Pepino,15168.66,15132.66,36.0,752358.77,5944318189.23,49.7175493270846,0.23733144522983574
Pera,3638.2599999999998,3562.99,0.0,26241.84,175849670.27,7.365117499628122,0.0
Perejil,331.9,330.9,1.0,4690.89,43700431.46,14.176155938349957,0.30129557095510695
Persimonio,31.5,21.0,0.0,203.0,4749500.0,9.666666666666666,0.0
Perón,166.5,165.0,0.0,1722.41,19005916.71,10.438848484848485,0.0
Petunia ,12.52,12.52,0.0,1776690.9100000001,29802189.1,141908.2196485623,0.0
Pimienta,3212.4,3169.3,0.0,8995.050000000001,287833562.02,2.8381819329189413,0.0
Pipicha,54.0,54.0,0.0,169.02,519759.0,3.1300000000000003,0.0
Pistache,221.5,110.0,0.0,54.5,12002000.0,0.4954545454545455,0.0
Pitahaya,2606.88,2147.38,6.0,12891.61,252350137.45,6.003413461986234,0.23016019149327932
Pitaya,1667.0900000000001,1561.5900000000001,0.0,5625.82,115177771.4,3.6026229676163393,0.0
Piña,47564.7,35937.2,0.0,1744483.6700000002,10516130679.35,48.54255952049687,0.0
Piñón,1618.0,1511.0,0.0,1960.71,148559090.04,1.297624090006618,0.0
Plantas de ornato ,769.9,669.9,0.0,1483002.8399999999,187588423.09,2213.767487684729,0.0
Plantero de tabaco ,12.0,12.0,0.0,53510000.0,34781500.0,4459166.666666667,0.0
Plátano,90110.66,87655.0,0.0,2684994.67,11915027242.5,30.631392048371456,0.0
Polar,94.45,94.45,0.0,185704.41,33952097.35,1966.166331392271,0.0
Pon-pon ,3.0,3.0,0.0,4593.0,757845.0,1531.0,0.0
Poro (leek),321.3,321.3,0.0,4831.95,37717728.41,15.038748832866478,0.0
Pápalo,374.9,374.9,0.0,4905.37,14260630.850000001,13.084475860229395,0.0
Quelite,10.0,10.0,0.0,1.0,5627.25,0.1,0.0
Rambután,903.0,903.0,0.0,9724.97,136743686.08,10.769623477297895,0.0
Romerito,421.72,421.72,0.0,3558.24,19506587.32,8.437446647064402,0.0
Romero,34.9,34.9,0.0,194.76999999999998,1792603.1400000001,5.58080229226361,0.0
Rosa,1740.2,1729.89,0.0,12248052.09,3392643317.66,7080.249085201949,0.0
Rábano,2022.8899999999999,2021.59,1.3,37491.55,193732863.25,18.545575512344247,0.06426449287899985
Salvia,9.0,9.0,0.0,34.69,1053730.62,3.8544444444444443,0.0
Sandía,40332.83,40262.83,70.0,1251639.48,6963971799.559999,31.086723908875754,0.17355588487095994
Saramuyo,73.0,73.0,0.0,688.7,6261753.87,9.434246575342467,0.0
Semilla de avena grano,170.51,170.51,0.0,285.07,1277085.5,1.6718667526831272,0.0
Semilla de caña de azúcar,9901.77,9687.87,0.0,859483.99,921094326.84,88.71753956235993,0.0
Semilla de cebada grano,1899.0,1899.0,0.0,11397.43,79784516.67999999,6.001806213796735,0.0
Semilla de frijol,92.79,92.79,0.0,167.11,3872481.5,1.8009483780579805,0.0
Semilla de garbanzo grano,20.0,20.0,0.0,34.5,682065.0,1.725,0.0
Semilla de garbanzo porquero,11.0,11.0,0.0,14.6,240170.0,1.3272727272727272,0.0
Semilla de haba,3.0,3.0,0.0,3.89,155400.0,1.2966666666666666,0.0
Semilla de jícama,1.0,1.0,0.0,1.4,483862.5,1.4,0.0
Semilla de maíz grano,10807.83,10805.83,2.0,48312.83,404475575.6,4.470996674943064,0.018505102319336997
Semilla de papa,209.0,209.0,0.0,6982.0,73960000.0,33.4066985645933,0.0
Semilla de sorgo grano,5.0,5.0,0.0,11.7,107040.0,2.34,0.0
Semilla de soya,245.0,245.0,0.0,417.92,9475771.81,1.705795918367347,0.0
Semilla de tomate rojo (jitomate),30.0,30.0,0.0,1500.0,12300000.0,50.0,0.0
Semilla de trigo grano,2265.29,2265.29,0.0,11761.1,100911578.73,5.191873888111457,0.0
Semilla de triticale grano,308.1,308.1,0.0,1032.07,13948841.969999999,3.3497890295358643,0.0
Semilla de zacate,400.0,400.0,0.0,640.0,32000000.0,1.6,0.0
Shangai-bock-choy,16.0,16.0,0.0,149.2,912318.4,9.325,0.0
Shop suey,308.5,308.5,0.0,186.16,4119862.5,0.6034359805510535,0.0
Solidago ,39.45,39.45,0.0,1356967.87,71129721.89,34397.157667934094,0.0
Sorgo escobero,883.5,883.5,0.0,2195.55,8275004.63,2.4850594227504246,0.0
Sorgo forrajero en verde,102876.35,100536.25,2340.1,2521132.61,2338188491.7,25.07685148391749,2.2746724587332268
Sorgo grano,1236823.88,1225322.88,11501.0,4067035.28,16601855097.04,3.319153952303576,0.9298817872112884
Soya,156617.6,151617.6,5000.0,295181.92,2254848754.37,1.9468842667342048,3.192489222156386
Statice,351.59000000000003,351.59000000000003,0.0,376575.94,23813482.669999998,1071.065559316249,0.0
Stevia,100.15,19.15,0.0,225.17999999999998,4177158.87,11.758746736292428,0.0
Sábila,4852.73,4799.73,0.0,216743.65000000002,216988254.75,45.15746719086283,0.0
Tabaco,7145.41,7145.41,0.0,17889.18,759624565.5600001,2.503590416785041,0.0
Tamarindo,8580.75,8351.5,0.0,50704.76,472360747.2,6.071335688199725,0.0
Tangelo,3964.0,3964.0,0.0,90246.43,514312408.0,22.766506054490414,0.0
Tangerina,11568.5,11532.5,0.0,189320.59,922847194.9,16.416266204205506,0.0
Tarragón,1.3,1.3,0.0,4.72,83279.32,3.6307692307692303,0.0
Tejocote,930.4,846.75,0.0,5904.47,19499287.3,6.973097136108651,0.0
Terciopelo,227.77,227.77,0.0,427827.61,26306091.1,1878.3316942529743,0.0
Tomate rojo (jitomate),42394.77,42119.42,275.35,3118464.86,29602282026.28,74.03864678098606,0.6494904913978777
Tomate verde,36713.91,36628.99,84.92,666291.84,4191290077.27,18.190286983069967,0.23130197791518253
Tomillo,30.5,30.5,0.0,94.13,1737892.67,3.086229508196721,0.0
Toronja (pomelo),21761.13,21048.13,0.0,472392.39,2485770070.66,22.443437493021946,0.0
Trigo forrajero verde,414.0,414.0,0.0,8715.65,6141644.64,21.052294685990336,0.0
Trigo grano,313646.19,308375.99,5270.2,1718731.65,9259950617.62,5.573493740547051,1.6803009786281797
Triticale forrajero en verde,8090.35,8090.35,0.0,222977.38,205278525.95,27.560906512079203,0.0
Triticale grano,3870.22,3870.22,0.0,11771.49,51991650.37,3.0415557771909607,0.0
Trébol,14.0,14.0,0.0,444.9,1051248.6,31.77857142857143,0.0
Tulipán holandés,30.05,30.05,0.0,2439581.3,639548554.0,81184.06988352745,0.0
Tuna,45551.21,44527.01,0.0,448303.79000000004,2216011280.73,10.068131455491846,0.0
Té limón,29.0,29.0,0.0,121.0,391240.0,4.172413793103448,0.0
Uva,38064.91,37714.33,4.0,527114.11,13977356485.13,13.97649408063195,0.010508365841400911
Vainilla,831.87,799.75,0.0,506.61,103857079.24000001,0.6334604563926227,0.0
Verdolaga,429.0,429.0,0.0,5333.8,27564975.67,12.433100233100234,0.0
Viveros de durazno,2.0,2.0,0.0,30600.0,673200000.0,15300.0,0.0
Viveros de manzana,14.0,14.0,0.0,409500.0,26857500.0,29250.0,0.0
Viveros de nuez,67.5,61.5,0.0,801672.0,161799700.0,13035.317073170732,0.0
Yu-choy,251.5,251.5,0.0,3994.16,31149409.14,15.881351888667991,0.0
Yuca alimenticia,1927.14,1927.14,0.0,23183.61,101417374.88,12.030060089043868,0.0
Zanahoria,12443.71,12441.71,2.0,359269.97,1541918339.74,28.876253344596524,0.016072377128685898
Zapote,727.15,719.95,0.0,6502.26,48078346.8,9.031543857212306,0.0
Zapupe,720.0,720.0,0.0,11520.0,20413785.6,16.0,0.0
Zarzamora,12434.06,12184.95,0.0,275962.74,9199965410.83,22.64783523937316,0.0
Zempoalxochitl,1771.05,1768.05,3.0,3462533.39,180265269.87,1958.391103192783,0.1693910392140256
Árbol de navidad ,1798.5,1249.7,0.0,935790.4,689620110.56,748.8120348883732,0.0
