Nomestado,Superficie_sembrada,Superficie_cosechada,Superficie_siniestrada,Volumen_produccion,Valor_produccion,Tasa_siniestro
Aguascalientes,120212.04000000001,119965.04000000001,0.0,2576866.59,5893046693.49,0.0
Baja California,128968.02,122432.57,4200.5,4518189.85,18813370227.14,3.257008985638455
Baja California Sur,37130.84,36024.14,100.2,877442.59,7880920213.68,0.26985653973893403
Campeche,337537.13,332712.13,758.0,2321721.43,7814758100.31,0.22456788679811315
Chiapas,1336280.78,1324661.33,567.0,8777754.83,24196667546.78,0.04243120222083865
Chihuahua,895416.73,841958.65,26799.75,17112019.77,50841844097.53,2.9929918776478526
Ciudad de México,14771.88,14699.22,16.0,16811067.25,2064894714.6,0.10831390452670886
Coahuila,197454.85,190550.37,2566.0,4515574.6,8143546148.51,1.2995375904922062
Colima,175854.34,175574.09,0.0,3859831.12,11554048946.09,0.0
Durango,578027.29,571638.84,3222.0,8586770.14,14555597587.6,0.5574131283663094
Guanajuato,848127.13,739482.53,12549.5,10863032.51,39104615199.2,1.479672039261378
Guerrero,918416.07,906193.99,0.0,6921308.09,22108391367.36,0.0
Hidalgo,481670.71,457540.83,19117.9,6914211.44,11740144367.67,3.9690808685460652
Jalisco,1579190.94,1446435.74,677.4,86530357.06,82669545469.38,0.04289538287244733
Michoacán,1094570.5,1079497.0,6152.2,24071770.79,104321494617.64,0.5620652118799109
Morelos,119631.88,117619.68,13.4,14394890.11,10975756017.24,0.011201027685931208
México,734658.05,732704.72,60.0,58733770.44,32011795331.75,0.008167064935856892
Nayarit,403741.46,342146.84,42.0,58265406.97,13972304845.32,0.010402696814936965
Nuevo León,288208.4,286277.4,541.0,3600998.59,5874123415.059999,0.18771139217316357
Oaxaca,1327560.58,1274821.01,175.9,23821696.1,29285422659.47,0.013249866156767024
Puebla,896125.8,873818.61,672.0,16873448.22,30752549520.16,0.07498947134431348
Querétaro,117320.01,110271.76,7030.0,2530767.51,5608171216.63,5.992157689042134
Quintana Roo,130317.0,118572.0,50.0,2014863.69,3259893886.29,0.03836797961892923
San Luis Potosí,792210.15,744047.55,42197.9,11389868.709999999,26296868943.66,5.3266043107374985
Sinaloa,700021.18,691717.04,3.0,7481590.92,49615220539.61,0.00042855846161683276
Sonora,284607.26,272984.81,861.5799999999999,5685626.25,43981864928.61,0.3027259388955854
Tabasco,259854.03,258081.53,0.0,3894986.42,9511218395.94,0.0
Tamaulipas,1264657.32,1212352.92,22758.5,7893606.57,22132559321.49,1.7995784027881954
Tlaxcala,232136.53,226908.74,5072.79,17265305.27,4652455429.87,2.18526140629396
Veracruz,1574096.76,1540285.29,20638.6,32533875.259999998,74234569303.55,1.3111392212000994
Yucatán,762864.65,761608.27,0.0,7227812.5,8308751759.3,0.0
Zacatecas,1196877.18,1193449.68,2202.0,8662811.87,29980432595.82,0.18397877717077038
